"","Constituency","Nation","URL","id"
"1","Aberavon","Wales","http://bbc.com/news/politics/constituencies/W07000049","W07000049"
"2","Aberconwy","Wales","http://bbc.com/news/politics/constituencies/W07000058","W07000058"
"3","Aberdeen North","Scotland","http://bbc.com/news/politics/constituencies/S14000001","S14000001"
"4","Aberdeen South","Scotland","http://bbc.com/news/politics/constituencies/S14000002","S14000002"
"5","Aberdeenshire West & Kincardine","Scotland","http://bbc.com/news/politics/constituencies/S14000058","S14000058"
"6","Airdrie & Shotts","Scotland","http://bbc.com/news/politics/constituencies/S14000003","S14000003"
"7","Aldershot","England","http://bbc.com/news/politics/constituencies/E14000530","E14000530"
"8","Aldridge-Brownhills","England","http://bbc.com/news/politics/constituencies/E14000531","E14000531"
"9","Altrincham & Sale West","England","http://bbc.com/news/politics/constituencies/E14000532","E14000532"
"10","Alyn & Deeside","Wales","http://bbc.com/news/politics/constituencies/W07000043","W07000043"
"11","Amber Valley","England","http://bbc.com/news/politics/constituencies/E14000533","E14000533"
"12","Angus","Scotland","http://bbc.com/news/politics/constituencies/S14000004","S14000004"
"13","Arfon","Wales","http://bbc.com/news/politics/constituencies/W07000057","W07000057"
"14","Argyll & Bute","Scotland","http://bbc.com/news/politics/constituencies/S14000005","S14000005"
"15","Arundel & South Downs","England","http://bbc.com/news/politics/constituencies/E14000534","E14000534"
"16","Ashfield","England","http://bbc.com/news/politics/constituencies/E14000535","E14000535"
"17","Ashford","England","http://bbc.com/news/politics/constituencies/E14000536","E14000536"
"18","Ashton-under-Lyne","England","http://bbc.com/news/politics/constituencies/E14000537","E14000537"
"19","Aylesbury","England","http://bbc.com/news/politics/constituencies/E14000538","E14000538"
"20","Ayr, Carrick & Cumnock","Scotland","http://bbc.com/news/politics/constituencies/S14000006","S14000006"
"21","Ayrshire Central","Scotland","http://bbc.com/news/politics/constituencies/S14000010","S14000010"
"22","Ayrshire North & Arran","Scotland","http://bbc.com/news/politics/constituencies/S14000048","S14000048"
"23","Banbury","England","http://bbc.com/news/politics/constituencies/E14000539","E14000539"
"24","Banff & Buchan","Scotland","http://bbc.com/news/politics/constituencies/S14000007","S14000007"
"25","Barking","England","http://bbc.com/news/politics/constituencies/E14000540","E14000540"
"26","Barnsley Central","England","http://bbc.com/news/politics/constituencies/E14000541","E14000541"
"27","Barnsley East","England","http://bbc.com/news/politics/constituencies/E14000542","E14000542"
"28","Barrow & Furness","England","http://bbc.com/news/politics/constituencies/E14000543","E14000543"
"29","Basildon & Billericay","England","http://bbc.com/news/politics/constituencies/E14000544","E14000544"
"30","Basildon South & Thurrock East","England","http://bbc.com/news/politics/constituencies/E14000933","E14000933"
"31","Basingstoke","England","http://bbc.com/news/politics/constituencies/E14000545","E14000545"
"32","Bassetlaw","England","http://bbc.com/news/politics/constituencies/E14000546","E14000546"
"33","Bath","England","http://bbc.com/news/politics/constituencies/E14000547","E14000547"
"34","Batley & Spen","England","http://bbc.com/news/politics/constituencies/E14000548","E14000548"
"35","Battersea","England","http://bbc.com/news/politics/constituencies/E14000549","E14000549"
"36","Beaconsfield","England","http://bbc.com/news/politics/constituencies/E14000550","E14000550"
"37","Beckenham","England","http://bbc.com/news/politics/constituencies/E14000551","E14000551"
"38","Bedford","England","http://bbc.com/news/politics/constituencies/E14000552","E14000552"
"39","Bedfordshire Mid","England","http://bbc.com/news/politics/constituencies/E14000813","E14000813"
"40","Bedfordshire North East","England","http://bbc.com/news/politics/constituencies/E14000841","E14000841"
"41","Bedfordshire South West","England","http://bbc.com/news/politics/constituencies/E14000949","E14000949"
"42","Belfast East","Northern Ireland","http://bbc.com/news/politics/constituencies/N06000001","N06000001"
"43","Belfast North","Northern Ireland","http://bbc.com/news/politics/constituencies/N06000002","N06000002"
"44","Belfast South","Northern Ireland","http://bbc.com/news/politics/constituencies/N06000003","N06000003"
"45","Belfast West","Northern Ireland","http://bbc.com/news/politics/constituencies/N06000004","N06000004"
"46","Bermondsey & Old Southwark","England","http://bbc.com/news/politics/constituencies/E14000553","E14000553"
"47","Berwick-upon-Tweed","England","http://bbc.com/news/politics/constituencies/E14000554","E14000554"
"48","Berwickshire, Roxburgh & Selkirk","Scotland","http://bbc.com/news/politics/constituencies/S14000008","S14000008"
"49","Bethnal Green & Bow","England","http://bbc.com/news/politics/constituencies/E14000555","E14000555"
"50","Beverley & Holderness","England","http://bbc.com/news/politics/constituencies/E14000556","E14000556"
"51","Bexhill & Battle","England","http://bbc.com/news/politics/constituencies/E14000557","E14000557"
"52","Bexleyheath & Crayford","England","http://bbc.com/news/politics/constituencies/E14000558","E14000558"
"53","Birkenhead","England","http://bbc.com/news/politics/constituencies/E14000559","E14000559"
"54","Birmingham Edgbaston","England","http://bbc.com/news/politics/constituencies/E14000560","E14000560"
"55","Birmingham Erdington","England","http://bbc.com/news/politics/constituencies/E14000561","E14000561"
"56","Birmingham Hall Green","England","http://bbc.com/news/politics/constituencies/E14000562","E14000562"
"57","Birmingham Hodge Hill","England","http://bbc.com/news/politics/constituencies/E14000563","E14000563"
"58","Birmingham Ladywood","England","http://bbc.com/news/politics/constituencies/E14000564","E14000564"
"59","Birmingham Northfield","England","http://bbc.com/news/politics/constituencies/E14000565","E14000565"
"60","Birmingham Perry Barr","England","http://bbc.com/news/politics/constituencies/E14000566","E14000566"
"61","Birmingham Selly Oak","England","http://bbc.com/news/politics/constituencies/E14000567","E14000567"
"62","Birmingham Yardley","England","http://bbc.com/news/politics/constituencies/E14000568","E14000568"
"63","Bishop Auckland","England","http://bbc.com/news/politics/constituencies/E14000569","E14000569"
"64","Blackburn","England","http://bbc.com/news/politics/constituencies/E14000570","E14000570"
"65","Blackley & Broughton","England","http://bbc.com/news/politics/constituencies/E14000571","E14000571"
"66","Blackpool North & Cleveleys","England","http://bbc.com/news/politics/constituencies/E14000572","E14000572"
"67","Blackpool South","England","http://bbc.com/news/politics/constituencies/E14000573","E14000573"
"68","Blaenau Gwent","Wales","http://bbc.com/news/politics/constituencies/W07000072","W07000072"
"69","Blaydon","England","http://bbc.com/news/politics/constituencies/E14000574","E14000574"
"70","Blyth Valley","England","http://bbc.com/news/politics/constituencies/E14000575","E14000575"
"71","Bognor Regis & Littlehampton","England","http://bbc.com/news/politics/constituencies/E14000576","E14000576"
"72","Bolsover","England","http://bbc.com/news/politics/constituencies/E14000577","E14000577"
"73","Bolton North East","England","http://bbc.com/news/politics/constituencies/E14000578","E14000578"
"74","Bolton South East","England","http://bbc.com/news/politics/constituencies/E14000579","E14000579"
"75","Bolton West","England","http://bbc.com/news/politics/constituencies/E14000580","E14000580"
"76","Bootle","England","http://bbc.com/news/politics/constituencies/E14000581","E14000581"
"77","Boston & Skegness","England","http://bbc.com/news/politics/constituencies/E14000582","E14000582"
"78","Bosworth","England","http://bbc.com/news/politics/constituencies/E14000583","E14000583"
"79","Bournemouth East","England","http://bbc.com/news/politics/constituencies/E14000584","E14000584"
"80","Bournemouth West","England","http://bbc.com/news/politics/constituencies/E14000585","E14000585"
"81","Bracknell","England","http://bbc.com/news/politics/constituencies/E14000586","E14000586"
"82","Bradford East","England","http://bbc.com/news/politics/constituencies/E14000587","E14000587"
"83","Bradford South","England","http://bbc.com/news/politics/constituencies/E14000588","E14000588"
"84","Bradford West","England","http://bbc.com/news/politics/constituencies/E14000589","E14000589"
"85","Braintree","England","http://bbc.com/news/politics/constituencies/E14000590","E14000590"
"86","Brecon & Radnorshire","Wales","http://bbc.com/news/politics/constituencies/W07000068","W07000068"
"87","Brent Central","England","http://bbc.com/news/politics/constituencies/E14000591","E14000591"
"88","Brent North","England","http://bbc.com/news/politics/constituencies/E14000592","E14000592"
"89","Brentford & Isleworth","England","http://bbc.com/news/politics/constituencies/E14000593","E14000593"
"90","Brentwood & Ongar","England","http://bbc.com/news/politics/constituencies/E14000594","E14000594"
"91","Bridgend","Wales","http://bbc.com/news/politics/constituencies/W07000073","W07000073"
"92","Bridgwater & Somerset West","England","http://bbc.com/news/politics/constituencies/E14000595","E14000595"
"93","Brigg & Goole","England","http://bbc.com/news/politics/constituencies/E14000596","E14000596"
"94","Brighton Kemptown","England","http://bbc.com/news/politics/constituencies/E14000597","E14000597"
"95","Brighton Pavilion","England","http://bbc.com/news/politics/constituencies/E14000598","E14000598"
"96","Bristol East","England","http://bbc.com/news/politics/constituencies/E14000599","E14000599"
"97","Bristol North West","England","http://bbc.com/news/politics/constituencies/E14000600","E14000600"
"98","Bristol South","England","http://bbc.com/news/politics/constituencies/E14000601","E14000601"
"99","Bristol West","England","http://bbc.com/news/politics/constituencies/E14000602","E14000602"
"100","Broadland","England","http://bbc.com/news/politics/constituencies/E14000603","E14000603"
"101","Bromley & Chislehurst","England","http://bbc.com/news/politics/constituencies/E14000604","E14000604"
"102","Bromsgrove","England","http://bbc.com/news/politics/constituencies/E14000605","E14000605"
"103","Broxbourne","England","http://bbc.com/news/politics/constituencies/E14000606","E14000606"
"104","Broxtowe","England","http://bbc.com/news/politics/constituencies/E14000607","E14000607"
"105","Buckingham","England","http://bbc.com/news/politics/constituencies/E14000608","E14000608"
"106","Burnley","England","http://bbc.com/news/politics/constituencies/E14000609","E14000609"
"107","Burton","England","http://bbc.com/news/politics/constituencies/E14000610","E14000610"
"108","Bury North","England","http://bbc.com/news/politics/constituencies/E14000611","E14000611"
"109","Bury South","England","http://bbc.com/news/politics/constituencies/E14000612","E14000612"
"110","Bury St Edmunds","England","http://bbc.com/news/politics/constituencies/E14000613","E14000613"
"111","Caerphilly","Wales","http://bbc.com/news/politics/constituencies/W07000076","W07000076"
"112","Caithness, Sutherland & Easter Ross","Scotland","http://bbc.com/news/politics/constituencies/S14000009","S14000009"
"113","Calder Valley","England","http://bbc.com/news/politics/constituencies/E14000614","E14000614"
"114","Camberwell & Peckham","England","http://bbc.com/news/politics/constituencies/E14000615","E14000615"
"115","Camborne & Redruth","England","http://bbc.com/news/politics/constituencies/E14000616","E14000616"
"116","Cambridge","England","http://bbc.com/news/politics/constituencies/E14000617","E14000617"
"117","Cambridgeshire North East","England","http://bbc.com/news/politics/constituencies/E14000842","E14000842"
"118","Cambridgeshire North West","England","http://bbc.com/news/politics/constituencies/E14000855","E14000855"
"119","Cambridgeshire South","England","http://bbc.com/news/politics/constituencies/E14000934","E14000934"
"120","Cambridgeshire South East","England","http://bbc.com/news/politics/constituencies/E14000937","E14000937"
"121","Cannock Chase","England","http://bbc.com/news/politics/constituencies/E14000618","E14000618"
"122","Canterbury","England","http://bbc.com/news/politics/constituencies/E14000619","E14000619"
"123","Cardiff Central","Wales","http://bbc.com/news/politics/constituencies/W07000050","W07000050"
"124","Cardiff North","Wales","http://bbc.com/news/politics/constituencies/W07000051","W07000051"
"125","Cardiff South & Penarth","Wales","http://bbc.com/news/politics/constituencies/W07000080","W07000080"
"126","Cardiff West","Wales","http://bbc.com/news/politics/constituencies/W07000079","W07000079"
"127","Carlisle","England","http://bbc.com/news/politics/constituencies/E14000620","E14000620"
"128","Carmarthen East & Dinefwr","Wales","http://bbc.com/news/politics/constituencies/W07000067","W07000067"
"129","Carmarthen West & Pembrokeshire South","Wales","http://bbc.com/news/politics/constituencies/W07000066","W07000066"
"130","Carshalton & Wallington","England","http://bbc.com/news/politics/constituencies/E14000621","E14000621"
"131","Castle Point","England","http://bbc.com/news/politics/constituencies/E14000622","E14000622"
"132","Ceredigion","Wales","http://bbc.com/news/politics/constituencies/W07000064","W07000064"
"133","Charnwood","England","http://bbc.com/news/politics/constituencies/E14000625","E14000625"
"134","Chatham & Aylesford","England","http://bbc.com/news/politics/constituencies/E14000626","E14000626"
"135","Cheadle","England","http://bbc.com/news/politics/constituencies/E14000627","E14000627"
"136","Chelmsford","England","http://bbc.com/news/politics/constituencies/E14000628","E14000628"
"137","Chelsea & Fulham","England","http://bbc.com/news/politics/constituencies/E14000629","E14000629"
"138","Cheltenham","England","http://bbc.com/news/politics/constituencies/E14000630","E14000630"
"139","Chesham & Amersham","England","http://bbc.com/news/politics/constituencies/E14000631","E14000631"
"140","Chester, City of","England","http://bbc.com/news/politics/constituencies/E14000640","E14000640"
"141","Chesterfield","England","http://bbc.com/news/politics/constituencies/E14000632","E14000632"
"142","Chichester","England","http://bbc.com/news/politics/constituencies/E14000633","E14000633"
"143","Chingford & Woodford Green","England","http://bbc.com/news/politics/constituencies/E14000634","E14000634"
"144","Chippenham","England","http://bbc.com/news/politics/constituencies/E14000635","E14000635"
"145","Chipping Barnet","England","http://bbc.com/news/politics/constituencies/E14000636","E14000636"
"146","Chorley","England","http://bbc.com/news/politics/constituencies/E14000637","E14000637"
"147","Christchurch","England","http://bbc.com/news/politics/constituencies/E14000638","E14000638"
"148","Cities of London & Westminster","England","http://bbc.com/news/politics/constituencies/E14000639","E14000639"
"149","Clacton","England","http://bbc.com/news/politics/constituencies/E14000642","E14000642"
"150","Cleethorpes","England","http://bbc.com/news/politics/constituencies/E14000643","E14000643"
"151","Clwyd South","Wales","http://bbc.com/news/politics/constituencies/W07000062","W07000062"
"152","Clwyd West","Wales","http://bbc.com/news/politics/constituencies/W07000059","W07000059"
"153","Coatbridge, Chryston & Bellshill","Scotland","http://bbc.com/news/politics/constituencies/S14000011","S14000011"
"154","Colchester","England","http://bbc.com/news/politics/constituencies/E14000644","E14000644"
"155","Colne Valley","England","http://bbc.com/news/politics/constituencies/E14000645","E14000645"
"156","Congleton","England","http://bbc.com/news/politics/constituencies/E14000646","E14000646"
"157","Copeland","England","http://bbc.com/news/politics/constituencies/E14000647","E14000647"
"158","Corby","England","http://bbc.com/news/politics/constituencies/E14000648","E14000648"
"159","Cornwall North","England","http://bbc.com/news/politics/constituencies/E14000837","E14000837"
"160","Cornwall South East","England","http://bbc.com/news/politics/constituencies/E14000938","E14000938"
"161","Cotswolds, The","England","http://bbc.com/news/politics/constituencies/E14000991","E14000991"
"162","Coventry North East","England","http://bbc.com/news/politics/constituencies/E14000649","E14000649"
"163","Coventry North West","England","http://bbc.com/news/politics/constituencies/E14000650","E14000650"
"164","Coventry South","England","http://bbc.com/news/politics/constituencies/E14000651","E14000651"
"165","Crawley","England","http://bbc.com/news/politics/constituencies/E14000652","E14000652"
"166","Crewe & Nantwich","England","http://bbc.com/news/politics/constituencies/E14000653","E14000653"
"167","Croydon Central","England","http://bbc.com/news/politics/constituencies/E14000654","E14000654"
"168","Croydon North","England","http://bbc.com/news/politics/constituencies/E14000655","E14000655"
"169","Croydon South","England","http://bbc.com/news/politics/constituencies/E14000656","E14000656"
"170","Cumbernauld, Kilsyth & Kirkintilloch East","Scotland","http://bbc.com/news/politics/constituencies/S14000012","S14000012"
"171","Cynon Valley","Wales","http://bbc.com/news/politics/constituencies/W07000070","W07000070"
"172","Dagenham & Rainham","England","http://bbc.com/news/politics/constituencies/E14000657","E14000657"
"173","Darlington","England","http://bbc.com/news/politics/constituencies/E14000658","E14000658"
"174","Dartford","England","http://bbc.com/news/politics/constituencies/E14000659","E14000659"
"175","Daventry","England","http://bbc.com/news/politics/constituencies/E14000660","E14000660"
"176","Delyn","Wales","http://bbc.com/news/politics/constituencies/W07000042","W07000042"
"177","Denton & Reddish","England","http://bbc.com/news/politics/constituencies/E14000661","E14000661"
"178","Derby North","England","http://bbc.com/news/politics/constituencies/E14000662","E14000662"
"179","Derby South","England","http://bbc.com/news/politics/constituencies/E14000663","E14000663"
"180","Derbyshire Dales","England","http://bbc.com/news/politics/constituencies/E14000664","E14000664"
"181","Derbyshire Mid","England","http://bbc.com/news/politics/constituencies/E14000814","E14000814"
"182","Derbyshire North East","England","http://bbc.com/news/politics/constituencies/E14000843","E14000843"
"183","Derbyshire South","England","http://bbc.com/news/politics/constituencies/E14000935","E14000935"
"184","Devizes","England","http://bbc.com/news/politics/constituencies/E14000665","E14000665"
"185","Devon Central","England","http://bbc.com/news/politics/constituencies/E14000623","E14000623"
"186","Devon East","England","http://bbc.com/news/politics/constituencies/E14000678","E14000678"
"187","Devon North","England","http://bbc.com/news/politics/constituencies/E14000838","E14000838"
"188","Devon South West","England","http://bbc.com/news/politics/constituencies/E14000950","E14000950"
"189","Devon West & Torridge","England","http://bbc.com/news/politics/constituencies/E14001000","E14001000"
"190","Dewsbury","England","http://bbc.com/news/politics/constituencies/E14000666","E14000666"
"191","Don Valley","England","http://bbc.com/news/politics/constituencies/E14000667","E14000667"
"192","Doncaster Central","England","http://bbc.com/news/politics/constituencies/E14000668","E14000668"
"193","Doncaster North","England","http://bbc.com/news/politics/constituencies/E14000669","E14000669"
"194","Dorset Mid & Poole North","England","http://bbc.com/news/politics/constituencies/E14000815","E14000815"
"195","Dorset North","England","http://bbc.com/news/politics/constituencies/E14000839","E14000839"
"196","Dorset South","England","http://bbc.com/news/politics/constituencies/E14000936","E14000936"
"197","Dorset West","England","http://bbc.com/news/politics/constituencies/E14001031","E14001031"
"198","Dover","England","http://bbc.com/news/politics/constituencies/E14000670","E14000670"
"199","Dudley North","England","http://bbc.com/news/politics/constituencies/E14000671","E14000671"
"200","Dudley South","England","http://bbc.com/news/politics/constituencies/E14000672","E14000672"
"201","Dulwich & West Norwood","England","http://bbc.com/news/politics/constituencies/E14000673","E14000673"
"202","Dumfries & Galloway","Scotland","http://bbc.com/news/politics/constituencies/S14000013","S14000013"
"203","Dumfriesshire, Clydesdale & Tweeddale","Scotland","http://bbc.com/news/politics/constituencies/S14000014","S14000014"
"204","Dunbartonshire East","Scotland","http://bbc.com/news/politics/constituencies/S14000018","S14000018"
"205","Dunbartonshire West","Scotland","http://bbc.com/news/politics/constituencies/S14000059","S14000059"
"206","Dundee East","Scotland","http://bbc.com/news/politics/constituencies/S14000015","S14000015"
"207","Dundee West","Scotland","http://bbc.com/news/politics/constituencies/S14000016","S14000016"
"208","Dunfermline & West Fife","Scotland","http://bbc.com/news/politics/constituencies/S14000017","S14000017"
"209","Durham North","England","http://bbc.com/news/politics/constituencies/E14000840","E14000840"
"210","Durham North West","England","http://bbc.com/news/politics/constituencies/E14000856","E14000856"
"211","Durham, City of","England","http://bbc.com/news/politics/constituencies/E14000641","E14000641"
"212","Dwyfor Meirionnydd","Wales","http://bbc.com/news/politics/constituencies/W07000061","W07000061"
"213","Ealing Central & Acton","England","http://bbc.com/news/politics/constituencies/E14000674","E14000674"
"214","Ealing North","England","http://bbc.com/news/politics/constituencies/E14000675","E14000675"
"215","Ealing Southall","England","http://bbc.com/news/politics/constituencies/E14000676","E14000676"
"216","Easington","England","http://bbc.com/news/politics/constituencies/E14000677","E14000677"
"217","East Antrim","Northern Ireland","http://bbc.com/news/politics/constituencies/N06000005","N06000005"
"218","East Ham","England","http://bbc.com/news/politics/constituencies/E14000679","E14000679"
"219","East Kilbride, Strathaven & Lesmahagow","Scotland","http://bbc.com/news/politics/constituencies/S14000019","S14000019"
"220","East Londonderry","Northern Ireland","http://bbc.com/news/politics/constituencies/N06000006","N06000006"
"221","East Lothian","Scotland","http://bbc.com/news/politics/constituencies/S14000020","S14000020"
"222","Eastbourne","England","http://bbc.com/news/politics/constituencies/E14000684","E14000684"
"223","Eastleigh","England","http://bbc.com/news/politics/constituencies/E14000685","E14000685"
"224","Eddisbury","England","http://bbc.com/news/politics/constituencies/E14000686","E14000686"
"225","Edinburgh East","Scotland","http://bbc.com/news/politics/constituencies/S14000022","S14000022"
"226","Edinburgh North & Leith","Scotland","http://bbc.com/news/politics/constituencies/S14000023","S14000023"
"227","Edinburgh South","Scotland","http://bbc.com/news/politics/constituencies/S14000024","S14000024"
"228","Edinburgh South West","Scotland","http://bbc.com/news/politics/constituencies/S14000025","S14000025"
"229","Edinburgh West","Scotland","http://bbc.com/news/politics/constituencies/S14000026","S14000026"
"230","Edmonton","England","http://bbc.com/news/politics/constituencies/E14000687","E14000687"
"231","Ellesmere Port & Neston","England","http://bbc.com/news/politics/constituencies/E14000688","E14000688"
"232","Elmet & Rothwell","England","http://bbc.com/news/politics/constituencies/E14000689","E14000689"
"233","Eltham","England","http://bbc.com/news/politics/constituencies/E14000690","E14000690"
"234","Enfield North","England","http://bbc.com/news/politics/constituencies/E14000691","E14000691"
"235","Enfield Southgate","England","http://bbc.com/news/politics/constituencies/E14000692","E14000692"
"236","Epping Forest","England","http://bbc.com/news/politics/constituencies/E14000693","E14000693"
"237","Epsom & Ewell","England","http://bbc.com/news/politics/constituencies/E14000694","E14000694"
"238","Erewash","England","http://bbc.com/news/politics/constituencies/E14000695","E14000695"
"239","Erith & Thamesmead","England","http://bbc.com/news/politics/constituencies/E14000696","E14000696"
"240","Esher & Walton","England","http://bbc.com/news/politics/constituencies/E14000697","E14000697"
"241","Exeter","England","http://bbc.com/news/politics/constituencies/E14000698","E14000698"
"242","Falkirk","Scotland","http://bbc.com/news/politics/constituencies/S14000028","S14000028"
"243","Fareham","England","http://bbc.com/news/politics/constituencies/E14000699","E14000699"
"244","Faversham & Mid Kent","England","http://bbc.com/news/politics/constituencies/E14000700","E14000700"
"245","Feltham & Heston","England","http://bbc.com/news/politics/constituencies/E14000701","E14000701"
"246","Fermanagh & South Tyrone","Northern Ireland","http://bbc.com/news/politics/constituencies/N06000007","N06000007"
"247","Fife North East","Scotland","http://bbc.com/news/politics/constituencies/S14000049","S14000049"
"248","Filton & Bradley Stoke","England","http://bbc.com/news/politics/constituencies/E14000702","E14000702"
"249","Finchley & Golders Green","England","http://bbc.com/news/politics/constituencies/E14000703","E14000703"
"250","Folkestone & Hythe","England","http://bbc.com/news/politics/constituencies/E14000704","E14000704"
"251","Forest of Dean","England","http://bbc.com/news/politics/constituencies/E14000705","E14000705"
"252","Foyle","Northern Ireland","http://bbc.com/news/politics/constituencies/N06000008","N06000008"
"253","Fylde","England","http://bbc.com/news/politics/constituencies/E14000706","E14000706"
"254","Gainsborough","England","http://bbc.com/news/politics/constituencies/E14000707","E14000707"
"255","Garston & Halewood","England","http://bbc.com/news/politics/constituencies/E14000708","E14000708"
"256","Gateshead","England","http://bbc.com/news/politics/constituencies/E14000709","E14000709"
"257","Gedling","England","http://bbc.com/news/politics/constituencies/E14000710","E14000710"
"258","Gillingham & Rainham","England","http://bbc.com/news/politics/constituencies/E14000711","E14000711"
"259","Glasgow Central","Scotland","http://bbc.com/news/politics/constituencies/S14000029","S14000029"
"260","Glasgow East","Scotland","http://bbc.com/news/politics/constituencies/S14000030","S14000030"
"261","Glasgow North","Scotland","http://bbc.com/news/politics/constituencies/S14000031","S14000031"
"262","Glasgow North East","Scotland","http://bbc.com/news/politics/constituencies/S14000032","S14000032"
"263","Glasgow North West","Scotland","http://bbc.com/news/politics/constituencies/S14000033","S14000033"
"264","Glasgow South","Scotland","http://bbc.com/news/politics/constituencies/S14000034","S14000034"
"265","Glasgow South West","Scotland","http://bbc.com/news/politics/constituencies/S14000035","S14000035"
"266","Glenrothes","Scotland","http://bbc.com/news/politics/constituencies/S14000036","S14000036"
"267","Gloucester","England","http://bbc.com/news/politics/constituencies/E14000712","E14000712"
"268","Gordon","Scotland","http://bbc.com/news/politics/constituencies/S14000037","S14000037"
"269","Gosport","England","http://bbc.com/news/politics/constituencies/E14000713","E14000713"
"270","Gower","Wales","http://bbc.com/news/politics/constituencies/W07000046","W07000046"
"271","Grantham & Stamford","England","http://bbc.com/news/politics/constituencies/E14000714","E14000714"
"272","Gravesham","England","http://bbc.com/news/politics/constituencies/E14000715","E14000715"
"273","Great Grimsby","England","http://bbc.com/news/politics/constituencies/E14000716","E14000716"
"274","Great Yarmouth","England","http://bbc.com/news/politics/constituencies/E14000717","E14000717"
"275","Greenwich & Woolwich","England","http://bbc.com/news/politics/constituencies/E14000718","E14000718"
"276","Guildford","England","http://bbc.com/news/politics/constituencies/E14000719","E14000719"
"277","Hackney North & Stoke Newington","England","http://bbc.com/news/politics/constituencies/E14000720","E14000720"
"278","Hackney South & Shoreditch","England","http://bbc.com/news/politics/constituencies/E14000721","E14000721"
"279","Halesowen & Rowley Regis","England","http://bbc.com/news/politics/constituencies/E14000722","E14000722"
"280","Halifax","England","http://bbc.com/news/politics/constituencies/E14000723","E14000723"
"281","Haltemprice & Howden","England","http://bbc.com/news/politics/constituencies/E14000724","E14000724"
"282","Halton","England","http://bbc.com/news/politics/constituencies/E14000725","E14000725"
"283","Hammersmith","England","http://bbc.com/news/politics/constituencies/E14000726","E14000726"
"284","Hampshire East","England","http://bbc.com/news/politics/constituencies/E14000680","E14000680"
"285","Hampshire North East","England","http://bbc.com/news/politics/constituencies/E14000844","E14000844"
"286","Hampshire North West","England","http://bbc.com/news/politics/constituencies/E14000857","E14000857"
"287","Hampstead & Kilburn","England","http://bbc.com/news/politics/constituencies/E14000727","E14000727"
"288","Harborough","England","http://bbc.com/news/politics/constituencies/E14000728","E14000728"
"289","Harlow","England","http://bbc.com/news/politics/constituencies/E14000729","E14000729"
"290","Harrogate & Knaresborough","England","http://bbc.com/news/politics/constituencies/E14000730","E14000730"
"291","Harrow East","England","http://bbc.com/news/politics/constituencies/E14000731","E14000731"
"292","Harrow West","England","http://bbc.com/news/politics/constituencies/E14000732","E14000732"
"293","Hartlepool","England","http://bbc.com/news/politics/constituencies/E14000733","E14000733"
"294","Harwich & Essex North","England","http://bbc.com/news/politics/constituencies/E14000734","E14000734"
"295","Hastings & Rye","England","http://bbc.com/news/politics/constituencies/E14000735","E14000735"
"296","Havant","England","http://bbc.com/news/politics/constituencies/E14000736","E14000736"
"297","Hayes & Harlington","England","http://bbc.com/news/politics/constituencies/E14000737","E14000737"
"298","Hazel Grove","England","http://bbc.com/news/politics/constituencies/E14000738","E14000738"
"299","Hemel Hempstead","England","http://bbc.com/news/politics/constituencies/E14000739","E14000739"
"300","Hemsworth","England","http://bbc.com/news/politics/constituencies/E14000740","E14000740"
"301","Hendon","England","http://bbc.com/news/politics/constituencies/E14000741","E14000741"
"302","Henley","England","http://bbc.com/news/politics/constituencies/E14000742","E14000742"
"303","Hereford & Herefordshire South","England","http://bbc.com/news/politics/constituencies/E14000743","E14000743"
"304","Herefordshire North","England","http://bbc.com/news/politics/constituencies/E14000847","E14000847"
"305","Hertford & Stortford","England","http://bbc.com/news/politics/constituencies/E14000744","E14000744"
"306","Hertfordshire North East","England","http://bbc.com/news/politics/constituencies/E14000845","E14000845"
"307","Hertfordshire South West","England","http://bbc.com/news/politics/constituencies/E14000951","E14000951"
"308","Hertsmere","England","http://bbc.com/news/politics/constituencies/E14000745","E14000745"
"309","Hexham","England","http://bbc.com/news/politics/constituencies/E14000746","E14000746"
"310","Heywood & Middleton","England","http://bbc.com/news/politics/constituencies/E14000747","E14000747"
"311","High Peak","England","http://bbc.com/news/politics/constituencies/E14000748","E14000748"
"312","Hitchin & Harpenden","England","http://bbc.com/news/politics/constituencies/E14000749","E14000749"
"313","Holborn & St Pancras","England","http://bbc.com/news/politics/constituencies/E14000750","E14000750"
"314","Hornchurch & Upminster","England","http://bbc.com/news/politics/constituencies/E14000751","E14000751"
"315","Hornsey & Wood Green","England","http://bbc.com/news/politics/constituencies/E14000752","E14000752"
"316","Horsham","England","http://bbc.com/news/politics/constituencies/E14000753","E14000753"
"317","Houghton & Sunderland South","England","http://bbc.com/news/politics/constituencies/E14000754","E14000754"
"318","Hove","England","http://bbc.com/news/politics/constituencies/E14000755","E14000755"
"319","Huddersfield","England","http://bbc.com/news/politics/constituencies/E14000756","E14000756"
"320","Hull East","England","http://bbc.com/news/politics/constituencies/E14000771","E14000771"
"321","Hull North","England","http://bbc.com/news/politics/constituencies/E14000772","E14000772"
"322","Hull West & Hessle","England","http://bbc.com/news/politics/constituencies/E14000773","E14000773"
"323","Huntingdon","England","http://bbc.com/news/politics/constituencies/E14000757","E14000757"
"324","Hyndburn","England","http://bbc.com/news/politics/constituencies/E14000758","E14000758"
"325","Ilford North","England","http://bbc.com/news/politics/constituencies/E14000759","E14000759"
"326","Ilford South","England","http://bbc.com/news/politics/constituencies/E14000760","E14000760"
"327","Inverclyde","Scotland","http://bbc.com/news/politics/constituencies/S14000038","S14000038"
"328","Inverness, Nairn, Badenoch & Strathspey","Scotland","http://bbc.com/news/politics/constituencies/S14000039","S14000039"
"329","Ipswich","England","http://bbc.com/news/politics/constituencies/E14000761","E14000761"
"330","Isle of Wight","England","http://bbc.com/news/politics/constituencies/E14000762","E14000762"
"331","Islington North","England","http://bbc.com/news/politics/constituencies/E14000763","E14000763"
"332","Islington South & Finsbury","England","http://bbc.com/news/politics/constituencies/E14000764","E14000764"
"333","Islwyn","Wales","http://bbc.com/news/politics/constituencies/W07000077","W07000077"
"334","Jarrow","England","http://bbc.com/news/politics/constituencies/E14000765","E14000765"
"335","Keighley","England","http://bbc.com/news/politics/constituencies/E14000766","E14000766"
"336","Kenilworth & Southam","England","http://bbc.com/news/politics/constituencies/E14000767","E14000767"
"337","Kensington","England","http://bbc.com/news/politics/constituencies/E14000768","E14000768"
"338","Kettering","England","http://bbc.com/news/politics/constituencies/E14000769","E14000769"
"339","Kilmarnock & Loudoun","Scotland","http://bbc.com/news/politics/constituencies/S14000040","S14000040"
"340","Kingston & Surbiton","England","http://bbc.com/news/politics/constituencies/E14000770","E14000770"
"341","Kingswood","England","http://bbc.com/news/politics/constituencies/E14000774","E14000774"
"342","Kirkcaldy & Cowdenbeath","Scotland","http://bbc.com/news/politics/constituencies/S14000041","S14000041"
"343","Knowsley","England","http://bbc.com/news/politics/constituencies/E14000775","E14000775"
"344","Lagan Valley","Northern Ireland","http://bbc.com/news/politics/constituencies/N06000009","N06000009"
"345","Lanark & Hamilton East","Scotland","http://bbc.com/news/politics/constituencies/S14000042","S14000042"
"346","Lancashire West","England","http://bbc.com/news/politics/constituencies/E14001033","E14001033"
"347","Lancaster & Fleetwood","England","http://bbc.com/news/politics/constituencies/E14000776","E14000776"
"348","Leeds Central","England","http://bbc.com/news/politics/constituencies/E14000777","E14000777"
"349","Leeds East","England","http://bbc.com/news/politics/constituencies/E14000778","E14000778"
"350","Leeds North East","England","http://bbc.com/news/politics/constituencies/E14000779","E14000779"
"351","Leeds North West","England","http://bbc.com/news/politics/constituencies/E14000780","E14000780"
"352","Leeds West","England","http://bbc.com/news/politics/constituencies/E14000781","E14000781"
"353","Leicester East","England","http://bbc.com/news/politics/constituencies/E14000782","E14000782"
"354","Leicester South","England","http://bbc.com/news/politics/constituencies/E14000783","E14000783"
"355","Leicester West","England","http://bbc.com/news/politics/constituencies/E14000784","E14000784"
"356","Leicestershire North West","England","http://bbc.com/news/politics/constituencies/E14000858","E14000858"
"357","Leicestershire South","England","http://bbc.com/news/politics/constituencies/E14000940","E14000940"
"358","Leigh","England","http://bbc.com/news/politics/constituencies/E14000785","E14000785"
"359","Lewes","England","http://bbc.com/news/politics/constituencies/E14000786","E14000786"
"360","Lewisham Deptford","England","http://bbc.com/news/politics/constituencies/E14000789","E14000789"
"361","Lewisham East","England","http://bbc.com/news/politics/constituencies/E14000787","E14000787"
"362","Lewisham West & Penge","England","http://bbc.com/news/politics/constituencies/E14000788","E14000788"
"363","Leyton & Wanstead","England","http://bbc.com/news/politics/constituencies/E14000790","E14000790"
"364","Lichfield","England","http://bbc.com/news/politics/constituencies/E14000791","E14000791"
"365","Lincoln","England","http://bbc.com/news/politics/constituencies/E14000792","E14000792"
"366","Linlithgow & Falkirk East","Scotland","http://bbc.com/news/politics/constituencies/S14000043","S14000043"
"367","Liverpool Riverside","England","http://bbc.com/news/politics/constituencies/E14000793","E14000793"
"368","Liverpool Walton","England","http://bbc.com/news/politics/constituencies/E14000794","E14000794"
"369","Liverpool Wavertree","England","http://bbc.com/news/politics/constituencies/E14000795","E14000795"
"370","Liverpool West Derby","England","http://bbc.com/news/politics/constituencies/E14000796","E14000796"
"371","Livingston","Scotland","http://bbc.com/news/politics/constituencies/S14000044","S14000044"
"372","Llanelli","Wales","http://bbc.com/news/politics/constituencies/W07000045","W07000045"
"373","Loughborough","England","http://bbc.com/news/politics/constituencies/E14000797","E14000797"
"374","Louth & Horncastle","England","http://bbc.com/news/politics/constituencies/E14000798","E14000798"
"375","Ludlow","England","http://bbc.com/news/politics/constituencies/E14000799","E14000799"
"376","Luton North","England","http://bbc.com/news/politics/constituencies/E14000800","E14000800"
"377","Luton South","England","http://bbc.com/news/politics/constituencies/E14000801","E14000801"
"378","Macclesfield","England","http://bbc.com/news/politics/constituencies/E14000802","E14000802"
"379","Maidenhead","England","http://bbc.com/news/politics/constituencies/E14000803","E14000803"
"380","Maidstone & The Weald","England","http://bbc.com/news/politics/constituencies/E14000804","E14000804"
"381","Makerfield","England","http://bbc.com/news/politics/constituencies/E14000805","E14000805"
"382","Maldon","England","http://bbc.com/news/politics/constituencies/E14000806","E14000806"
"383","Manchester Central","England","http://bbc.com/news/politics/constituencies/E14000807","E14000807"
"384","Manchester Gorton","England","http://bbc.com/news/politics/constituencies/E14000808","E14000808"
"385","Manchester Withington","England","http://bbc.com/news/politics/constituencies/E14000809","E14000809"
"386","Mansfield","England","http://bbc.com/news/politics/constituencies/E14000810","E14000810"
"387","Meon Valley","England","http://bbc.com/news/politics/constituencies/E14000811","E14000811"
"388","Meriden","England","http://bbc.com/news/politics/constituencies/E14000812","E14000812"
"389","Merthyr Tydfil & Rhymney","Wales","http://bbc.com/news/politics/constituencies/W07000071","W07000071"
"390","Mid Ulster","Northern Ireland","http://bbc.com/news/politics/constituencies/N06000010","N06000010"
"391","Middlesbrough","England","http://bbc.com/news/politics/constituencies/E14000819","E14000819"
"392","Middlesbrough South & Cleveland East","England","http://bbc.com/news/politics/constituencies/E14000820","E14000820"
"393","Midlothian","Scotland","http://bbc.com/news/politics/constituencies/S14000045","S14000045"
"394","Milton Keynes North","England","http://bbc.com/news/politics/constituencies/E14000821","E14000821"
"395","Milton Keynes South","England","http://bbc.com/news/politics/constituencies/E14000822","E14000822"
"396","Mitcham & Morden","England","http://bbc.com/news/politics/constituencies/E14000823","E14000823"
"397","Mole Valley","England","http://bbc.com/news/politics/constituencies/E14000824","E14000824"
"398","Monmouth","Wales","http://bbc.com/news/politics/constituencies/W07000054","W07000054"
"399","Montgomeryshire","Wales","http://bbc.com/news/politics/constituencies/W07000063","W07000063"
"400","Moray","Scotland","http://bbc.com/news/politics/constituencies/S14000046","S14000046"
"401","Morecambe & Lunesdale","England","http://bbc.com/news/politics/constituencies/E14000825","E14000825"
"402","Morley & Outwood","England","http://bbc.com/news/politics/constituencies/E14000826","E14000826"
"403","Motherwell & Wishaw","Scotland","http://bbc.com/news/politics/constituencies/S14000047","S14000047"
"404","Na h-Eileanan an Iar (Western Isles)","Scotland","http://bbc.com/news/politics/constituencies/S14000027","S14000027"
"405","Neath","Wales","http://bbc.com/news/politics/constituencies/W07000069","W07000069"
"406","New Forest East","England","http://bbc.com/news/politics/constituencies/E14000827","E14000827"
"407","New Forest West","England","http://bbc.com/news/politics/constituencies/E14000828","E14000828"
"408","Newark","England","http://bbc.com/news/politics/constituencies/E14000829","E14000829"
"409","Newbury","England","http://bbc.com/news/politics/constituencies/E14000830","E14000830"
"410","Newcastle upon Tyne Central","England","http://bbc.com/news/politics/constituencies/E14000831","E14000831"
"411","Newcastle upon Tyne East","England","http://bbc.com/news/politics/constituencies/E14000832","E14000832"
"412","Newcastle upon Tyne North","England","http://bbc.com/news/politics/constituencies/E14000833","E14000833"
"413","Newcastle-under-Lyme","England","http://bbc.com/news/politics/constituencies/E14000834","E14000834"
"414","Newport East","Wales","http://bbc.com/news/politics/constituencies/W07000055","W07000055"
"415","Newport West","Wales","http://bbc.com/news/politics/constituencies/W07000056","W07000056"
"416","Newry & Armagh","Northern Ireland","http://bbc.com/news/politics/constituencies/N06000011","N06000011"
"417","Newton Abbot","England","http://bbc.com/news/politics/constituencies/E14000835","E14000835"
"418","Norfolk Mid","England","http://bbc.com/news/politics/constituencies/E14000816","E14000816"
"419","Norfolk North","England","http://bbc.com/news/politics/constituencies/E14000848","E14000848"
"420","Norfolk North West","England","http://bbc.com/news/politics/constituencies/E14000859","E14000859"
"421","Norfolk South","England","http://bbc.com/news/politics/constituencies/E14000941","E14000941"
"422","Norfolk South West","England","http://bbc.com/news/politics/constituencies/E14000952","E14000952"
"423","Normanton, Pontefract & Castleford","England","http://bbc.com/news/politics/constituencies/E14000836","E14000836"
"424","North Antrim","Northern Ireland","http://bbc.com/news/politics/constituencies/N06000012","N06000012"
"425","North Down","Northern Ireland","http://bbc.com/news/politics/constituencies/N06000013","N06000013"
"426","Northampton North","England","http://bbc.com/news/politics/constituencies/E14000861","E14000861"
"427","Northampton South","England","http://bbc.com/news/politics/constituencies/E14000862","E14000862"
"428","Northamptonshire South","England","http://bbc.com/news/politics/constituencies/E14000942","E14000942"
"429","Norwich North","England","http://bbc.com/news/politics/constituencies/E14000863","E14000863"
"430","Norwich South","England","http://bbc.com/news/politics/constituencies/E14000864","E14000864"
"431","Nottingham East","England","http://bbc.com/news/politics/constituencies/E14000865","E14000865"
"432","Nottingham North","England","http://bbc.com/news/politics/constituencies/E14000866","E14000866"
"433","Nottingham South","England","http://bbc.com/news/politics/constituencies/E14000867","E14000867"
"434","Nuneaton","England","http://bbc.com/news/politics/constituencies/E14000868","E14000868"
"435","Ochil & South Perthshire","Scotland","http://bbc.com/news/politics/constituencies/S14000050","S14000050"
"436","Ogmore","Wales","http://bbc.com/news/politics/constituencies/W07000074","W07000074"
"437","Old Bexley & Sidcup","England","http://bbc.com/news/politics/constituencies/E14000869","E14000869"
"438","Oldham East & Saddleworth","England","http://bbc.com/news/politics/constituencies/E14000870","E14000870"
"439","Oldham West & Royton","England","http://bbc.com/news/politics/constituencies/E14000871","E14000871"
"440","Orkney & Shetland","Scotland","http://bbc.com/news/politics/constituencies/S14000051","S14000051"
"441","Orpington","England","http://bbc.com/news/politics/constituencies/E14000872","E14000872"
"442","Oxford East","England","http://bbc.com/news/politics/constituencies/E14000873","E14000873"
"443","Oxford West & Abingdon","England","http://bbc.com/news/politics/constituencies/E14000874","E14000874"
"444","Paisley & Renfrewshire North","Scotland","http://bbc.com/news/politics/constituencies/S14000052","S14000052"
"445","Paisley & Renfrewshire South","Scotland","http://bbc.com/news/politics/constituencies/S14000053","S14000053"
"446","Pendle","England","http://bbc.com/news/politics/constituencies/E14000875","E14000875"
"447","Penistone & Stocksbridge","England","http://bbc.com/news/politics/constituencies/E14000876","E14000876"
"448","Penrith & The Border","England","http://bbc.com/news/politics/constituencies/E14000877","E14000877"
"449","Perth & North Perthshire","Scotland","http://bbc.com/news/politics/constituencies/S14000054","S14000054"
"450","Peterborough","England","http://bbc.com/news/politics/constituencies/E14000878","E14000878"
"451","Plymouth Moor View","England","http://bbc.com/news/politics/constituencies/E14000879","E14000879"
"452","Plymouth Sutton & Devonport","England","http://bbc.com/news/politics/constituencies/E14000880","E14000880"
"453","Pontypridd","Wales","http://bbc.com/news/politics/constituencies/W07000075","W07000075"
"454","Poole","England","http://bbc.com/news/politics/constituencies/E14000881","E14000881"
"455","Poplar & Limehouse","England","http://bbc.com/news/politics/constituencies/E14000882","E14000882"
"456","Portsmouth North","England","http://bbc.com/news/politics/constituencies/E14000883","E14000883"
"457","Portsmouth South","England","http://bbc.com/news/politics/constituencies/E14000884","E14000884"
"458","Preseli Pembrokeshire","Wales","http://bbc.com/news/politics/constituencies/W07000065","W07000065"
"459","Preston","England","http://bbc.com/news/politics/constituencies/E14000885","E14000885"
"460","Pudsey","England","http://bbc.com/news/politics/constituencies/E14000886","E14000886"
"461","Putney","England","http://bbc.com/news/politics/constituencies/E14000887","E14000887"
"462","Rayleigh & Wickford","England","http://bbc.com/news/politics/constituencies/E14000888","E14000888"
"463","Reading East","England","http://bbc.com/news/politics/constituencies/E14000889","E14000889"
"464","Reading West","England","http://bbc.com/news/politics/constituencies/E14000890","E14000890"
"465","Redcar","England","http://bbc.com/news/politics/constituencies/E14000891","E14000891"
"466","Redditch","England","http://bbc.com/news/politics/constituencies/E14000892","E14000892"
"467","Reigate","England","http://bbc.com/news/politics/constituencies/E14000893","E14000893"
"468","Renfrewshire East","Scotland","http://bbc.com/news/politics/constituencies/S14000021","S14000021"
"469","Rhondda","Wales","http://bbc.com/news/politics/constituencies/W07000052","W07000052"
"470","Ribble Valley","England","http://bbc.com/news/politics/constituencies/E14000894","E14000894"
"471","Richmond (Yorks)","England","http://bbc.com/news/politics/constituencies/E14000895","E14000895"
"472","Richmond Park","England","http://bbc.com/news/politics/constituencies/E14000896","E14000896"
"473","Rochdale","England","http://bbc.com/news/politics/constituencies/E14000897","E14000897"
"474","Rochester & Strood","England","http://bbc.com/news/politics/constituencies/E14000898","E14000898"
"475","Rochford & Southend East","England","http://bbc.com/news/politics/constituencies/E14000899","E14000899"
"476","Romford","England","http://bbc.com/news/politics/constituencies/E14000900","E14000900"
"477","Romsey & Southampton North","England","http://bbc.com/news/politics/constituencies/E14000901","E14000901"
"478","Ross, Skye & Lochaber","Scotland","http://bbc.com/news/politics/constituencies/S14000055","S14000055"
"479","Rossendale & Darwen","England","http://bbc.com/news/politics/constituencies/E14000902","E14000902"
"480","Rother Valley","England","http://bbc.com/news/politics/constituencies/E14000903","E14000903"
"481","Rotherham","England","http://bbc.com/news/politics/constituencies/E14000904","E14000904"
"482","Rugby","England","http://bbc.com/news/politics/constituencies/E14000905","E14000905"
"483","Ruislip, Northwood & Pinner","England","http://bbc.com/news/politics/constituencies/E14000906","E14000906"
"484","Runnymede & Weybridge","England","http://bbc.com/news/politics/constituencies/E14000907","E14000907"
"485","Rushcliffe","England","http://bbc.com/news/politics/constituencies/E14000908","E14000908"
"486","Rutherglen & Hamilton West","Scotland","http://bbc.com/news/politics/constituencies/S14000056","S14000056"
"487","Rutland & Melton","England","http://bbc.com/news/politics/constituencies/E14000909","E14000909"
"488","Saffron Walden","England","http://bbc.com/news/politics/constituencies/E14000910","E14000910"
"489","Salford & Eccles","England","http://bbc.com/news/politics/constituencies/E14000911","E14000911"
"490","Salisbury","England","http://bbc.com/news/politics/constituencies/E14000912","E14000912"
"491","Scarborough & Whitby","England","http://bbc.com/news/politics/constituencies/E14000913","E14000913"
"492","Scunthorpe","England","http://bbc.com/news/politics/constituencies/E14000914","E14000914"
"493","Sedgefield","England","http://bbc.com/news/politics/constituencies/E14000915","E14000915"
"494","Sefton Central","England","http://bbc.com/news/politics/constituencies/E14000916","E14000916"
"495","Selby & Ainsty","England","http://bbc.com/news/politics/constituencies/E14000917","E14000917"
"496","Sevenoaks","England","http://bbc.com/news/politics/constituencies/E14000918","E14000918"
"497","Sheffield Brightside & Hillsborough","England","http://bbc.com/news/politics/constituencies/E14000921","E14000921"
"498","Sheffield Central","England","http://bbc.com/news/politics/constituencies/E14000919","E14000919"
"499","Sheffield Hallam","England","http://bbc.com/news/politics/constituencies/E14000922","E14000922"
"500","Sheffield Heeley","England","http://bbc.com/news/politics/constituencies/E14000923","E14000923"
"501","Sheffield South East","England","http://bbc.com/news/politics/constituencies/E14000920","E14000920"
"502","Sherwood","England","http://bbc.com/news/politics/constituencies/E14000924","E14000924"
"503","Shipley","England","http://bbc.com/news/politics/constituencies/E14000925","E14000925"
"504","Shrewsbury & Atcham","England","http://bbc.com/news/politics/constituencies/E14000926","E14000926"
"505","Shropshire North","England","http://bbc.com/news/politics/constituencies/E14000849","E14000849"
"506","Sittingbourne & Sheppey","England","http://bbc.com/news/politics/constituencies/E14000927","E14000927"
"507","Skipton & Ripon","England","http://bbc.com/news/politics/constituencies/E14000928","E14000928"
"508","Sleaford & North Hykeham","England","http://bbc.com/news/politics/constituencies/E14000929","E14000929"
"509","Slough","England","http://bbc.com/news/politics/constituencies/E14000930","E14000930"
"510","Solihull","England","http://bbc.com/news/politics/constituencies/E14000931","E14000931"
"511","Somerset North","England","http://bbc.com/news/politics/constituencies/E14000850","E14000850"
"512","Somerset North East","England","http://bbc.com/news/politics/constituencies/E14000846","E14000846"
"513","Somerton & Frome","England","http://bbc.com/news/politics/constituencies/E14000932","E14000932"
"514","South Antrim","Northern Ireland","http://bbc.com/news/politics/constituencies/N06000014","N06000014"
"515","South Down","Northern Ireland","http://bbc.com/news/politics/constituencies/N06000015","N06000015"
"516","South Holland & The Deepings","England","http://bbc.com/news/politics/constituencies/E14000939","E14000939"
"517","South Ribble","England","http://bbc.com/news/politics/constituencies/E14000943","E14000943"
"518","South Shields","England","http://bbc.com/news/politics/constituencies/E14000944","E14000944"
"519","Southampton Itchen","England","http://bbc.com/news/politics/constituencies/E14000955","E14000955"
"520","Southampton Test","England","http://bbc.com/news/politics/constituencies/E14000956","E14000956"
"521","Southend West","England","http://bbc.com/news/politics/constituencies/E14000957","E14000957"
"522","Southport","England","http://bbc.com/news/politics/constituencies/E14000958","E14000958"
"523","Spelthorne","England","http://bbc.com/news/politics/constituencies/E14000959","E14000959"
"524","St Albans","England","http://bbc.com/news/politics/constituencies/E14000960","E14000960"
"525","St Austell & Newquay","England","http://bbc.com/news/politics/constituencies/E14000961","E14000961"
"526","St Helens North","England","http://bbc.com/news/politics/constituencies/E14000962","E14000962"
"527","St Helens South & Whiston","England","http://bbc.com/news/politics/constituencies/E14000963","E14000963"
"528","St Ives","England","http://bbc.com/news/politics/constituencies/E14000964","E14000964"
"529","Stafford","England","http://bbc.com/news/politics/constituencies/E14000965","E14000965"
"530","Staffordshire Moorlands","England","http://bbc.com/news/politics/constituencies/E14000966","E14000966"
"531","Staffordshire South","England","http://bbc.com/news/politics/constituencies/E14000945","E14000945"
"532","Stalybridge & Hyde","England","http://bbc.com/news/politics/constituencies/E14000967","E14000967"
"533","Stevenage","England","http://bbc.com/news/politics/constituencies/E14000968","E14000968"
"534","Stirling","Scotland","http://bbc.com/news/politics/constituencies/S14000057","S14000057"
"535","Stockport","England","http://bbc.com/news/politics/constituencies/E14000969","E14000969"
"536","Stockton North","England","http://bbc.com/news/politics/constituencies/E14000970","E14000970"
"537","Stockton South","England","http://bbc.com/news/politics/constituencies/E14000971","E14000971"
"538","Stoke-on-Trent Central","England","http://bbc.com/news/politics/constituencies/E14000972","E14000972"
"539","Stoke-on-Trent North","England","http://bbc.com/news/politics/constituencies/E14000973","E14000973"
"540","Stoke-on-Trent South","England","http://bbc.com/news/politics/constituencies/E14000974","E14000974"
"541","Stone","England","http://bbc.com/news/politics/constituencies/E14000975","E14000975"
"542","Stourbridge","England","http://bbc.com/news/politics/constituencies/E14000976","E14000976"
"543","Strangford","Northern Ireland","http://bbc.com/news/politics/constituencies/N06000016","N06000016"
"544","Stratford-on-Avon","England","http://bbc.com/news/politics/constituencies/E14000977","E14000977"
"545","Streatham","England","http://bbc.com/news/politics/constituencies/E14000978","E14000978"
"546","Stretford & Urmston","England","http://bbc.com/news/politics/constituencies/E14000979","E14000979"
"547","Stroud","England","http://bbc.com/news/politics/constituencies/E14000980","E14000980"
"548","Suffolk Central & Ipswich North","England","http://bbc.com/news/politics/constituencies/E14000624","E14000624"
"549","Suffolk Coastal","England","http://bbc.com/news/politics/constituencies/E14000981","E14000981"
"550","Suffolk South","England","http://bbc.com/news/politics/constituencies/E14000946","E14000946"
"551","Suffolk West","England","http://bbc.com/news/politics/constituencies/E14001034","E14001034"
"552","Sunderland Central","England","http://bbc.com/news/politics/constituencies/E14000982","E14000982"
"553","Surrey East","England","http://bbc.com/news/politics/constituencies/E14000681","E14000681"
"554","Surrey Heath","England","http://bbc.com/news/politics/constituencies/E14000983","E14000983"
"555","Surrey South West","England","http://bbc.com/news/politics/constituencies/E14000953","E14000953"
"556","Sussex Mid","England","http://bbc.com/news/politics/constituencies/E14000817","E14000817"
"557","Sutton & Cheam","England","http://bbc.com/news/politics/constituencies/E14000984","E14000984"
"558","Sutton Coldfield","England","http://bbc.com/news/politics/constituencies/E14000985","E14000985"
"559","Swansea East","Wales","http://bbc.com/news/politics/constituencies/W07000048","W07000048"
"560","Swansea West","Wales","http://bbc.com/news/politics/constituencies/W07000047","W07000047"
"561","Swindon North","England","http://bbc.com/news/politics/constituencies/E14000851","E14000851"
"562","Swindon South","England","http://bbc.com/news/politics/constituencies/E14000947","E14000947"
"563","Tamworth","England","http://bbc.com/news/politics/constituencies/E14000986","E14000986"
"564","Tatton","England","http://bbc.com/news/politics/constituencies/E14000987","E14000987"
"565","Taunton Deane","England","http://bbc.com/news/politics/constituencies/E14000988","E14000988"
"566","Telford","England","http://bbc.com/news/politics/constituencies/E14000989","E14000989"
"567","Tewkesbury","England","http://bbc.com/news/politics/constituencies/E14000990","E14000990"
"568","Thanet North","England","http://bbc.com/news/politics/constituencies/E14000852","E14000852"
"569","Thanet South","England","http://bbc.com/news/politics/constituencies/E14000948","E14000948"
"570","Thirsk & Malton","England","http://bbc.com/news/politics/constituencies/E14000993","E14000993"
"571","Thornbury & Yate","England","http://bbc.com/news/politics/constituencies/E14000994","E14000994"
"572","Thurrock","England","http://bbc.com/news/politics/constituencies/E14000995","E14000995"
"573","Tiverton & Honiton","England","http://bbc.com/news/politics/constituencies/E14000996","E14000996"
"574","Tonbridge & Malling","England","http://bbc.com/news/politics/constituencies/E14000997","E14000997"
"575","Tooting","England","http://bbc.com/news/politics/constituencies/E14000998","E14000998"
"576","Torbay","England","http://bbc.com/news/politics/constituencies/E14000999","E14000999"
"577","Torfaen","Wales","http://bbc.com/news/politics/constituencies/W07000053","W07000053"
"578","Totnes","England","http://bbc.com/news/politics/constituencies/E14001001","E14001001"
"579","Tottenham","England","http://bbc.com/news/politics/constituencies/E14001002","E14001002"
"580","Truro & Falmouth","England","http://bbc.com/news/politics/constituencies/E14001003","E14001003"
"581","Tunbridge Wells","England","http://bbc.com/news/politics/constituencies/E14001004","E14001004"
"582","Twickenham","England","http://bbc.com/news/politics/constituencies/E14001005","E14001005"
"583","Tynemouth","England","http://bbc.com/news/politics/constituencies/E14001006","E14001006"
"584","Tyneside North","England","http://bbc.com/news/politics/constituencies/E14000853","E14000853"
"585","Upper Bann","Northern Ireland","http://bbc.com/news/politics/constituencies/N06000017","N06000017"
"586","Uxbridge & Ruislip South","England","http://bbc.com/news/politics/constituencies/E14001007","E14001007"
"587","Vale of Clwyd","Wales","http://bbc.com/news/politics/constituencies/W07000060","W07000060"
"588","Vale of Glamorgan","Wales","http://bbc.com/news/politics/constituencies/W07000078","W07000078"
"589","Vauxhall","England","http://bbc.com/news/politics/constituencies/E14001008","E14001008"
"590","Wakefield","England","http://bbc.com/news/politics/constituencies/E14001009","E14001009"
"591","Wallasey","England","http://bbc.com/news/politics/constituencies/E14001010","E14001010"
"592","Walsall North","England","http://bbc.com/news/politics/constituencies/E14001011","E14001011"
"593","Walsall South","England","http://bbc.com/news/politics/constituencies/E14001012","E14001012"
"594","Walthamstow","England","http://bbc.com/news/politics/constituencies/E14001013","E14001013"
"595","Wansbeck","England","http://bbc.com/news/politics/constituencies/E14001014","E14001014"
"596","Wantage","England","http://bbc.com/news/politics/constituencies/E14001015","E14001015"
"597","Warley","England","http://bbc.com/news/politics/constituencies/E14001016","E14001016"
"598","Warrington North","England","http://bbc.com/news/politics/constituencies/E14001017","E14001017"
"599","Warrington South","England","http://bbc.com/news/politics/constituencies/E14001018","E14001018"
"600","Warwick & Leamington","England","http://bbc.com/news/politics/constituencies/E14001019","E14001019"
"601","Warwickshire North","England","http://bbc.com/news/politics/constituencies/E14000854","E14000854"
"602","Washington & Sunderland West","England","http://bbc.com/news/politics/constituencies/E14001020","E14001020"
"603","Watford","England","http://bbc.com/news/politics/constituencies/E14001021","E14001021"
"604","Waveney","England","http://bbc.com/news/politics/constituencies/E14001022","E14001022"
"605","Wealden","England","http://bbc.com/news/politics/constituencies/E14001023","E14001023"
"606","Weaver Vale","England","http://bbc.com/news/politics/constituencies/E14001024","E14001024"
"607","Wellingborough","England","http://bbc.com/news/politics/constituencies/E14001025","E14001025"
"608","Wells","England","http://bbc.com/news/politics/constituencies/E14001026","E14001026"
"609","Welwyn Hatfield","England","http://bbc.com/news/politics/constituencies/E14001027","E14001027"
"610","Wentworth & Dearne","England","http://bbc.com/news/politics/constituencies/E14001028","E14001028"
"611","West Bromwich East","England","http://bbc.com/news/politics/constituencies/E14001029","E14001029"
"612","West Bromwich West","England","http://bbc.com/news/politics/constituencies/E14001030","E14001030"
"613","West Ham","England","http://bbc.com/news/politics/constituencies/E14001032","E14001032"
"614","West Tyrone","Northern Ireland","http://bbc.com/news/politics/constituencies/N06000018","N06000018"
"615","Westminster North","England","http://bbc.com/news/politics/constituencies/E14001036","E14001036"
"616","Westmorland & Lonsdale","England","http://bbc.com/news/politics/constituencies/E14001037","E14001037"
"617","Weston-Super-Mare","England","http://bbc.com/news/politics/constituencies/E14001038","E14001038"
"618","Wigan","England","http://bbc.com/news/politics/constituencies/E14001039","E14001039"
"619","Wiltshire North","England","http://bbc.com/news/politics/constituencies/E14000860","E14000860"
"620","Wiltshire South West","England","http://bbc.com/news/politics/constituencies/E14000954","E14000954"
"621","Wimbledon","England","http://bbc.com/news/politics/constituencies/E14001040","E14001040"
"622","Winchester","England","http://bbc.com/news/politics/constituencies/E14001041","E14001041"
"623","Windsor","England","http://bbc.com/news/politics/constituencies/E14001042","E14001042"
"624","Wirral South","England","http://bbc.com/news/politics/constituencies/E14001043","E14001043"
"625","Wirral West","England","http://bbc.com/news/politics/constituencies/E14001044","E14001044"
"626","Witham","England","http://bbc.com/news/politics/constituencies/E14001045","E14001045"
"627","Witney","England","http://bbc.com/news/politics/constituencies/E14001046","E14001046"
"628","Woking","England","http://bbc.com/news/politics/constituencies/E14001047","E14001047"
"629","Wokingham","England","http://bbc.com/news/politics/constituencies/E14001048","E14001048"
"630","Wolverhampton North East","England","http://bbc.com/news/politics/constituencies/E14001049","E14001049"
"631","Wolverhampton South East","England","http://bbc.com/news/politics/constituencies/E14001050","E14001050"
"632","Wolverhampton South West","England","http://bbc.com/news/politics/constituencies/E14001051","E14001051"
"633","Worcester","England","http://bbc.com/news/politics/constituencies/E14001052","E14001052"
"634","Worcestershire Mid","England","http://bbc.com/news/politics/constituencies/E14000818","E14000818"
"635","Worcestershire West","England","http://bbc.com/news/politics/constituencies/E14001035","E14001035"
"636","Workington","England","http://bbc.com/news/politics/constituencies/E14001053","E14001053"
"637","Worsley & Eccles South","England","http://bbc.com/news/politics/constituencies/E14001054","E14001054"
"638","Worthing East & Shoreham","England","http://bbc.com/news/politics/constituencies/E14000682","E14000682"
"639","Worthing West","England","http://bbc.com/news/politics/constituencies/E14001055","E14001055"
"640","Wrekin, The","England","http://bbc.com/news/politics/constituencies/E14000992","E14000992"
"641","Wrexham","Wales","http://bbc.com/news/politics/constituencies/W07000044","W07000044"
"642","Wycombe","England","http://bbc.com/news/politics/constituencies/E14001056","E14001056"
"643","Wyre & Preston North","England","http://bbc.com/news/politics/constituencies/E14001057","E14001057"
"644","Wyre Forest","England","http://bbc.com/news/politics/constituencies/E14001058","E14001058"
"645","Wythenshawe & Sale East","England","http://bbc.com/news/politics/constituencies/E14001059","E14001059"
"646","Yeovil","England","http://bbc.com/news/politics/constituencies/E14001060","E14001060"
"647","Ynys Mon","Wales","http://bbc.com/news/politics/constituencies/W07000041","W07000041"
"648","York Central","England","http://bbc.com/news/politics/constituencies/E14001061","E14001061"
"649","York Outer","England","http://bbc.com/news/politics/constituencies/E14001062","E14001062"
"650","Yorkshire East","England","http://bbc.com/news/politics/constituencies/E14000683","E14000683"
